{
  "left": {
    "img_scale": 1.0,
    "img_offset": [
      0,
      0
    ],
    "fx": 165.15606689453125,
    "fy": 165.0228729248047,
    "cx": 252.39515686035156,
    "cy": 256.6235656738281,
    "alpha": -0.0006169334519654512,
    "radial_distortion": [
      -0.0033182885963469744,
      0.06918744742870331,
      -0.05661400407552719,
      0.012093845754861832
    ],
    "rvec": [
      0.01519417473932178,
      0.0033628014968649345,
      1.5731166350356507
    ],
    "tvec": [
      -1.3727613864369797e-05,
      0.03261556965562226,
      0.00040454754954587105
    ]
  },
  "right": {
    "img_scale": 1.0,
    "img_offset": [
      0,
      0
    ],
    "fx": 166.08840942382812,
    "fy": 165.88153076171875,
    "cx": 247.1513214111328,
    "cy": 254.9202880859375,
    "alpha": 0.0002388136781519279,
    "radial_distortion": [
      -0.002746989019215107,
      0.06822722405195236,
      -0.05664940923452377,
      0.012258535251021385
    ],
    "rvec": [
      0.015194174739318873,
      0.0033628014968677166,
      -1.5731166350356307
    ],
    "tvec": [
      0.00013588136914373015,
      0.032617010418086845,
      0.00022673039857420692
    ]
  },
  "meta": {
    "domeT": [
      -0.0005620169686153531,
      0.03287532553076744,
      -0.005938551854342222
    ],
    "domeR": [
      0.007387620862573385,
      -0.009458626620471478,
      1.5539249181747437
    ],
    "finalCost": 0.03793753168740908
  }
}