{
  "left": {
    "img_scale": 1.0,
    "img_offset": [
      0,
      0
    ],
    "fx": 164.14491271972656,
    "fy": 164.1475067138672,
    "cx": 250.17713928222656,
    "cy": 253.4296875,
    "alpha": 0.0006697428179904819,
    "radial_distortion": [
      0.0005183963221497834,
      0.06711216270923615,
      -0.05593016743659973,
      0.011947688646614552
    ],
    "rvec": [
      0.028879245947830246,
      -0.0015621007417262844,
      1.5740866254939994
    ],
    "tvec": [
      -0.0005001598912000085,
      0.031117547543491858,
      0.0011056830177186023
    ]
  },
  "right": {
    "img_scale": 1.0,
    "img_offset": [
      0,
      0
    ],
    "fx": 163.46987915039062,
    "fy": 163.4241943359375,
    "cx": 253.6534881591797,
    "cy": 255.306640625,
    "alpha": 0.00010763307363959029,
    "radial_distortion": [
      -0.0031558710616081953,
      0.06853575259447098,
      -0.0555240660905838,
      0.011734972707927227
    ],
    "rvec": [
      0.028879245947829237,
      -0.001562100741725029,
      -1.5740866254940278
    ],
    "tvec": [
      -0.000298763397798374,
      0.03113974275133149,
      3.961078824207354e-05
    ]
  },
  "meta": {
    "domeT": [
      -0.0008802318479865789,
      0.03186863288283348,
      -0.004861088469624519
    ],
    "domeR": [
      -0.04858780652284622,
      -0.06702227145433426,
      1.57225501537323
    ],
    "finalCost": 0.03662205967547906
  }
}