{
  "left": {
    "img_scale": 1.0,
    "img_offset": [
      0,
      0
    ],
    "fx": 165.04888916015625,
    "fy": 164.9635009765625,
    "cx": 250.8014678955078,
    "cy": 252.96820068359375,
    "alpha": 0.0010648565366864204,
    "radial_distortion": [
      -0.0002586129412520677,
      0.06841834634542465,
      -0.05694379657506943,
      0.012084444984793663
    ],
    "rvec": [
      0.02878528830134527,
      0.004545881508564976,
      1.5734398297558838
    ],
    "tvec": [
      0.0006786177711234772,
      0.030520551292138726,
      -0.00015064368583328502
    ]
  },
  "right": {
    "img_scale": 1.0,
    "img_offset": [
      0,
      0
    ],
    "fx": 165.58860778808594,
    "fy": 165.51869201660156,
    "cx": 257.310546875,
    "cy": 256.3719787597656,
    "alpha": 0.0010845353826880455,
    "radial_distortion": [
      -0.004266196861863136,
      0.06937573850154877,
      -0.05567563325166702,
      0.011415069922804832
    ],
    "rvec": [
      0.028785288301362115,
      0.004545881508549358,
      -1.573439829755877
    ],
    "tvec": [
      0.0008395120892400825,
      0.030490670745284904,
      0.0012654796945384982
    ]
  },
  "meta": {
    "domeT": [
      0.0010335594415664673,
      0.029434360563755035,
      -0.00569651834666729
    ],
    "domeR": [
      0.00149850535672158,
      -0.013164365664124489,
      1.5678044557571411
    ],
    "finalCost": 0.04423681657233541
  }
}