{
  "left": {
    "img_scale": 1.0,
    "img_offset": [
      0,
      0
    ],
    "fx": 165.1652374267578,
    "fy": 164.9730224609375,
    "cx": 254.9427490234375,
    "cy": 254.2104034423828,
    "alpha": 0.00022730289492756128,
    "radial_distortion": [
      -0.0017983211437240243,
      0.0676071047782898,
      -0.05667582154273987,
      0.0121320690959692
    ],
    "rvec": [
      -0.010548967843083132,
      -0.024159893424644634,
      1.5683357715086073
    ],
    "tvec": [
      -0.0010711622905255562,
      0.031073653407181812,
      0.0007930958479418785
    ]
  },
  "right": {
    "img_scale": 1.0,
    "img_offset": [
      0,
      0
    ],
    "fx": 164.8357696533203,
    "fy": 164.83547973632812,
    "cx": 255.06753540039062,
    "cy": 255.59716796875,
    "alpha": -0.00022355005785357207,
    "radial_distortion": [
      -0.0010921318316832185,
      0.06675615161657333,
      -0.05656919628381729,
      0.012488041073083878
    ],
    "rvec": [
      0.010548967843083483,
      0.02415989342464417,
      -1.5683357715085973
    ],
    "tvec": [
      -0.0012060089278421496,
      0.0310784751636737,
      0.00014902830917844538
    ]
  },
  "meta": {
    "domeT": [
      -0.0003642109513748437,
      0.0301299337297678,
      -0.0047243209555745125
    ],
    "domeR": [
      -0.002475450048223138,
      -0.020211737602949142,
      1.570644497871399
    ],
    "finalCost": 0.03658228824452263
  }
}