{
  "left": {
    "img_scale": 1.0,
    "img_offset": [
      0,
      0
    ],
    "fx": 164.90771484375,
    "fy": 164.74620056152344,
    "cx": 253.0340118408203,
    "cy": 257.1912536621094,
    "alpha": 0.0004811777616851032,
    "radial_distortion": [
      -0.0008760540513321757,
      0.06782668083906174,
      -0.05587378889322281,
      0.011816785670816898
    ],
    "rvec": [
      0.0014346196330647725,
      -0.03112076558779045,
      1.5693320035956209
    ],
    "tvec": [
      -4.592714790108297e-05,
      0.030578757911746298,
      0.0003332987675645685
    ]
  },
  "right": {
    "img_scale": 1.0,
    "img_offset": [
      0,
      0
    ],
    "fx": 165.69650268554688,
    "fy": 165.69332885742188,
    "cx": 248.89187622070312,
    "cy": 253.30172729492188,
    "alpha": 0.00099957047495991,
    "radial_distortion": [
      0.0018610386177897453,
      0.0655229464173317,
      -0.05653368681669235,
      0.012295544147491455
    ],
    "rvec": [
      -0.0014346196330634593,
      0.03112076558778889,
      -1.5693320035955751
    ],
    "tvec": [
      -0.00011607379281746027,
      0.030567740664883297,
      0.0008794199513790724
    ]
  },
  "meta": {
    "domeT": [
      -0.00010566851415205747,
      0.029747940599918365,
      -0.0053116860799491405
    ],
    "domeR": [
      -0.005559946410357952,
      -0.03070167452096939,
      1.573952078819275
    ],
    "finalCost": 0.03704077142114825
  }
}