{
  "left": {
    "img_scale": 1.0,
    "img_offset": [
      0,
      0
    ],
    "fx": 164.7081756591797,
    "fy": 164.5426025390625,
    "cx": 254.91061401367188,
    "cy": 254.23141479492188,
    "alpha": 0.0007965133409015834,
    "radial_distortion": [
      -0.0027840505354106426,
      0.07047206163406372,
      -0.05667824298143387,
      0.011725286021828651
    ],
    "rvec": [
      0.011104597985565302,
      -0.022694826963467942,
      1.5704752206674368
    ],
    "tvec": [
      0.00110833881308927,
      0.030679225862494473,
      0.00014349510844120978
    ]
  },
  "right": {
    "img_scale": 1.0,
    "img_offset": [
      0,
      0
    ],
    "fx": 165.08633422851562,
    "fy": 164.9767608642578,
    "cx": 247.08029174804688,
    "cy": 257.32843017578125,
    "alpha": 0.0012635698076337576,
    "radial_distortion": [
      0.0005640543531626463,
      0.06945748627185822,
      -0.05658859387040138,
      0.01165904849767685
    ],
    "rvec": [
      -0.01110459798451887,
      0.02269482696450098,
      -1.5704752206667743
    ],
    "tvec": [
      0.0011052347949932508,
      0.03067104819170085,
      0.0007274215355074419
    ]
  },
  "meta": {
    "domeT": [
      0.0009985738433897495,
      0.030718913301825523,
      -0.006514639127999544
    ],
    "domeR": [
      -0.010923766531050205,
      -0.01686035469174385,
      1.57181978225708
    ],
    "finalCost": 0.049135917498220105
  }
}