{
  "left": {
    "img_scale": 1.0,
    "img_offset": [
      0,
      0
    ],
    "fx": 163.3902587890625,
    "fy": 163.16050720214844,
    "cx": 252.06695556640625,
    "cy": 256.6530456542969,
    "alpha": -0.00025497726164758205,
    "radial_distortion": [
      0.0020831977017223835,
      0.06637652218341827,
      -0.05536440387368202,
      0.011797803454101086
    ],
    "rvec": [
      -0.011466059584415083,
      -0.01077115145942599,
      1.5687422752774551
    ],
    "tvec": [
      -0.001216092935927548,
      0.03116029318684521,
      -0.0005362351750540568
    ]
  },
  "right": {
    "img_scale": 1.0,
    "img_offset": [
      0,
      0
    ],
    "fx": 164.51805114746094,
    "fy": 164.39804077148438,
    "cx": 254.0699005126953,
    "cy": 252.21116638183594,
    "alpha": 0.0002466487349011004,
    "radial_distortion": [
      0.0025736934039741755,
      0.06475742161273956,
      -0.05579669028520584,
      0.012157025747001171
    ],
    "rvec": [
      0.011466059584415414,
      0.010771151459424705,
      -1.5687422752774123
    ],
    "tvec": [
      -0.0013499915695539659,
      0.03114505154029238,
      0.0009452745941620344
    ]
  },
  "meta": {
    "domeT": [
      -0.0011338641634210944,
      0.03174683451652527,
      -0.007028874475508928
    ],
    "domeR": [
      -0.018590040504932404,
      -0.03534615784883499,
      1.5763099193572998
    ],
    "finalCost": 0.03444618619520043
  }
}